{
  "accuracy": 0.9996951748523942,
  "precision": 0.9998170881846002,
  "recall": 0.9997256573671549,
  "f1_score": 0.999771370685501,
  "roc_auc": 0.9999719343415423,
  "0_precision": 0.9994514150677994,
  "0_recall": 0.9996342098228731,
  "0_f1-score": 0.9995428040880349,
  "0_f1_score": 0.9995428040880349,
  "0_support": 71079.0,
  "1_precision": 0.9998170881846002,
  "1_recall": 0.9997256573671549,
  "1_f1-score": 0.999771370685501,
  "1_f1_score": 0.999771370685501,
  "1_support": 142158.0,
  "macro avg_precision": 0.9996342516261998,
  "macro avg_recall": 0.999679933595014,
  "macro avg_f1-score": 0.999657087386768,
  "macro avg_f1_score": 0.999657087386768,
  "macro avg_support": 213237.0,
  "weighted avg_precision": 0.9996951971456667,
  "weighted avg_recall": 0.9996951748523942,
  "weighted avg_f1-score": 0.9996951818196791,
  "weighted avg_f1_score": 0.9996951818196791,
  "weighted avg_support": 213237.0
}