{
  "accuracy": 0.999734252507015,
  "precision": 0.9998241294407316,
  "recall": 0.9997772410720567,
  "f1_score": 0.9998006847066548,
  "roc_auc": 0.9999610180879454,
  "0_precision": 0.9995545239267544,
  "0_recall": 0.9996482753769316,
  "0_f1-score": 0.9996013974536332,
  "0_f1_score": 0.9996013974536332,
  "0_support": 42647.0,
  "1_precision": 0.9998241294407316,
  "1_recall": 0.9997772410720567,
  "1_f1-score": 0.9998006847066548,
  "1_f1_score": 0.9998006847066548,
  "1_support": 85294.0,
  "macro avg_precision": 0.999689326683743,
  "macro avg_recall": 0.9997127582244941,
  "macro avg_f1-score": 0.999701041080144,
  "macro avg_f1_score": 0.999701041080144,
  "macro avg_support": 127941.0,
  "weighted avg_precision": 0.9997342609360726,
  "weighted avg_recall": 0.999734252507015,
  "weighted avg_f1-score": 0.9997342556223143,
  "weighted avg_f1_score": 0.9997342556223143,
  "weighted avg_support": 127941.0
}